name_in,Recon_scientific_name,family,genus,authority,published_year,category
Cotoneaster granatensis,Rosaceae Cotoneaster granatensis Boiss.,ROSACEAE,Cotoneaster,Boiss.,1998,LR/cd
Juniperus drupacea,Cupressaceae Juniperus drupacea Labill.,CUPRESSACEAE,Juniperus,Labill.,2013,LC
Picea omorika,Picea omorika,PINACEAE,Picea,(Pancic) Purk.,2017,EN
Prunus ramburii,Rosaceae Prunus ramburei Boiss.,ROSACEAE,Prunus,Boiss.,2011,VU
Rhamnus intermedia,Rhamnaceae Rhamnus intermedia Steud. & Hochst.,RHAMNACEAE,Rhamnus,Steud. &amp; Hochst.,2017,LC
Rhamnus persicifolia,Rhamnaceae Rhamnus persicifolia Moris,RHAMNACEAE,Rhamnus,Moris,2017,EN
Salix tarraconensis,Salicaceae Salix tarraconensis Pau in Font Quer,SALICACEAE,Salix,Pau,2017,VU
Tetraclinis articulata,Tetraclinis articulata,CUPRESSACEAE,Tetraclinis,(Vahl) Mast.,2011,LC
Zelkova abelicea,Ulmaceae Zelkova abelicea Boiss.,ULMACEAE,Zelkova,(Lam.) Boiss.,2012,EN
Abies numidica,Abies numidica,PINACEAE,Abies,de Lannoy ex Carrière,2011,CR
Arbutus canariensis,Ericaceae Arbutus canariensis Duhamel,ERICACEAE,Arbutus,Veillard ex Duhamel,2017,NT
Arbutus pavarii,Ericaceae Arbutus pavarii Pamp.,ERICACEAE,Arbutus,Pampan.,1998,VU
Cupressus dupreziana,Cupressaceae Cupressus dupreziana A.Camus,CUPRESSACEAE,Cupressus,A.Camus,2013,EN
Juniperus brevifolia,Cupressaceae Juniperus brevifolia Antoine,CUPRESSACEAE,Juniperus,(Seub.) Antoine,2017,VU
Juniperus cedrus,Cupressaceae Juniperus cedrus Webb & Berthel.,CUPRESSACEAE,Juniperus,Webb &amp; Berthel.,2011,EN
Ocotea foetens,Ocotea foetens,LAURACEAE,Ocotea,(Aiton) Baill.,2017,LC
Persea indica,Lauraceae Persea indica Spreng.,LAURACEAE,Persea,(L.) Spreng.,2017,LC
Picconia azorica,Oleaceae Picconia azorica (Tutin) Knobl.,OLEACEAE,Picconia,(Tutin) Knobl.,2017,LC
Picconia excelsa,Oleaceae Picconia excelsa DC.,OLEACEAE,Picconia,(Aiton) DC.,2017,LC
Rhamnus crenulata,Rhamnaceae Rhamnus crenulata Aiton,RHAMNACEAE,Rhamnus,Aiton,2017,LC
Rhamnus glandulosa,Rhamnaceae Rhamnus glandulosa Aiton,RHAMNACEAE,Rhamnus,Aiton,2017,LC
Rhamnus integrifolia,Rhamnus integrifolia,RHAMNACEAE,Rhamnus,DC.,2017,NT
Sideroxylon mirmulans,Sapotaceae Sideroxylon mirmulano R.Br.,SAPOTACEAE,Sideroxylon,R.Br.,2017,EN
Visnea mocanera,Theaceae Visnea mocanera L.f.,PENTAPHYLACACEAE,Visnea,L.f.,2017,LC
Acacia montis-usti,Leguminosae Acacia montis-usti Merxm. & A.Schreib.,FABACEAE,Acacia,Merxm. &amp; A.Schreib.,1998,LR/nt
Albizia suluensis,Leguminosae Albizia suluensis Gerstner,FABACEAE,Albizia,Gerstner,2014,EN
Atalaya capensis,Sapindaceae Atalaya capensis R.A.Dyer,SAPINDACEAE,Atalaya,R.A.Dyer,1998,LR/cd
Bauhinia bowkeri,Leguminosae Bauhinia bowkeri Harv.,FABACEAE,Bauhinia,Harv.,1998,VU
Cassipourea flanaganii,Rhizophoraceae Cassipourea flanaganii Alston,RHIZOPHORACEAE,Cassipourea,(Schinz) Alston,1998,VU
Cassipourea swaziensis,Rhizophoraceae Cassipourea swaziensis Compton,RHIZOPHORACEAE,Cassipourea,Compton,1998,DD
Erythrophysa transvaalensis,Sapindaceae Erythrophysa transvaalensis I.Verd.,SAPINDACEAE,Erythrophysa,I.Verd.,1998,LR/lc
Euphorbia sekukuniensis,Euphorbiaceae Euphorbia sekukuniensis R.A.Dyer,EUPHORBIACEAE,Euphorbia,R.A.Dyer,1998,LR/nt
Euphorbia zoutpansbergensis,Euphorbiaceae Euphorbia zoutpansbergensis R.A.Dyer,EUPHORBIACEAE,Euphorbia,R.A.Dyer,1998,LR/nt
Faurea macnaughtonii,Proteaceae Faurea macnaughtonii E.Phillips,PROTEACEAE,Faurea,E.Phillips,1998,LR/cd
Greyia flanaganii,Greyia flanaganii,GREYIACEAE,Greyia,Bolus,1998,DD
Leucadendron argenteum,Proteaceae Leucadendron argenteum R.Br.,PROTEACEAE,Leucadendron,(L.) R.Br.,1998,VU
Leucadendron discolor,Proteaceae Leucadendron discolor H.Buek ex Meisn.,PROTEACEAE,Leucadendron,E.Phillips &amp; Hutch.,1998,EN
Nuxia glomerulata,Buddlejaceae Nuxia glomerulata (C.A.Sm.) I.Verd.,STILBACEAE,Nuxia,(C.A.Sm.) I.Verd.,1998,LR/nt
Ocotea kenyensis,Ocotea kenyensis,LAURACEAE,Ocotea,(Chiov.) Robyns &amp; R.Wilczek,1998,VU
Protea comptonii,Proteaceae Protea comptonii Beard,PROTEACEAE,Protea,Beard,1998,LR/nt
Protea lanceolata,Protea lanceolata,PROTEACEAE,Protea,E.Mey. ex Meisn.,1998,VU
Pseudosalacia streyi,Celastraceae Pseudosalacia streyi Codd,CELASTRACEAE,Pseudosalacia,Codd,1998,VU
Rapanea gilliana,Myrsinaceae Rapanea gilliana Mez,MYRSINACEAE,Rapanea,(Sond.) Mez,1998,VU
Raphia australis,Arecaceae Raphia australis Oberm. & Strey,ARECACEAE,Raphia,Oberm. &amp; Strey,2016,VU
Rhynchocalyx lawsonioides,Rhynchocalycaceae Rhynchocalyx lawsonioides Oliv.,RHYNCHOCALYCACEAE,Rhynchocalyx,Oliv.,1998,VU
Scolopia oreophila,Flacourtiaceae Scolopia oreophila (Sleumer) Killick,FLACOURTIACEAE,Scolopia,(Sleumer) Killick,1998,DD
Sterculia alexandri,Sterculia alexandri,MALVACEAE,Sterculia,Harv.,1998,VU
Vitellariopsis dispar,Sapotaceae Vitellariopsis dispar (N.E.Br.) Aubrév.,SAPOTACEAE,Vitellariopsis,(N.E.Br.) Aubrév.,1998,LR/lc
Warburgia salutaris,Canellaceae Warburgia salutaris (G.Bertol.) Chiov.,CANELLACEAE,Warburgia,(G.Bertol.) Chiov.,1998,EN
Widdringtonia cedarbergensis,Cupressaceae Widdringtonia cedarbergensis J.A.Marsh,CUPRESSACEAE,Widdringtonia,J.A.Marsh,2013,CR
Cryosophila williamsii,Arecaceae Cryosophila williamsii P.H.Allen,ARECACEAE,Cryosophila,P.H. Allen,1998,EW
Roystonea dunlapiana,Arecaceae Roystonea dunlapiana P.H.Allen,ARECACEAE,Roystonea,P.H.Allen,1998,EN
Acacia hebeclada ssp. chobiensis,Acacia hebeclada ssp. chobiensis,FABACEAE,Acacia,(O.B. Miller) A. Schreiber,1998,LR/lc
Olea europaea subsp. cerasiformis,Oleaceae Olea europaea L. subsp. cerasiformis (Webb & Berthel.) G.Kunkel & Sunding,OLEACEAE,Olea,(Webb &amp; Berth.) Kunkel &amp; Sund.,1998,LR/nt
Roystonea regia var. hondurensis,Arecaceae Roystonea regia var. hondurensis P.H.Allen,ARECACEAE,Roystonea,Allen,1998,CR
Cupressus macrocarpa,Cupressus macrocarpa,CUPRESSACEAE,Cupressus,Hartw. ex Gordon,2013,VU
Juniperus bermudiana,Cupressaceae Juniperus bermudiana L.,CUPRESSACEAE,Juniperus,L.,2011,CR
Phylica polifolia,Rhamnaceae Phylica polifolia (Vahl) Pillans,RHAMNACEAE,Phylica,(Vahl) Pillans,2016,CR
Nesohedyotis arborea,Rubiaceae Nesohedyotis arborea (Roxb.) Bremek.,RUBIACEAE,Nesohedyotis,(Roxb.) Bremek.,2016,CR
Asimina tetramera,Annonaceae Asimina tetramera Small,ANNONACEAE,Asimina,Small,1998,EN
Dirachma socotrana,Geraniaceae Dirachma socotrana Schweinf. ex Balf.f.,DIRACHMACEAE,Dirachma,Schweinf.,2004,VU
Euphorbia wakefieldii,Euphorbiaceae Euphorbia wakefieldii N.E.Br.,EUPHORBIACEAE,Euphorbia,N.E.Br.,1998,EN
Clianthus puniceus,Clianthus puniceus,FABACEAE,Clianthus,(G.Don) Banks Sol. Ex Lindl.,1998,EN
Cordeauxia edulis,Leguminosae Cordeauxia edulis Hemsl.,FABACEAE,Cordeauxia,Hemsley,1998,VU
Gigasiphon macrosiphon,Leguminosae Gigasiphon macrosiphon (Harms) Brenan,FABACEAE,Gigasiphon,(Harms) Brenan,1998,EN
Adansonia grandidieri,Bombacaceae Adansonia grandidieri Baill.,MALVACEAE,Adansonia,Baillon,2016,EN
Adansonia suarezensis,Bombacaceae Adansonia suarezensis H.Perrier,MALVACEAE,Adansonia,H.Perrier,2017,EN
Sophora fernandeziana,Sophora fernandeziana,FABACEAE,Sophora,(Phil.) Skottsb.,1998,VU
Sophora masafuerana,Sophora masafuerana,FABACEAE,Sophora,(Phil.) Skottsb.,1998,VU
Sophora toromiro,Leguminosae Sophora toromiro Skottsb.,FABACEAE,Sophora,(Phil.) Skottsb.,1998,EW
Streblorrhiza speciosa,Leguminosae Streblorrhiza speciosa Endl.,FABACEAE,Streblorrhiza,Endl.,1998,EX
Dracaena draco,Dracaenaceae Dracaena draco L.,DRACAENACEAE,Dracaena,(L.) L.,1998,VU
Dracaena ombet,Dracaenaceae Dracaena ombet Kotschy & Peyr.,DRACAENACEAE,Dracaena,Kotschy &amp; Peyr.,1998,EN
Hibiscadelphus giffardianus,Malvaceae Hibiscadelphus giffardianus Rock,MALVACEAE,Hibiscadelphus,Rock,1998,CR
Hibiscadelphus wilderianus,Malvaceae Hibiscadelphus wilderianus Rock,MALVACEAE,Hibiscadelphus,Rock,1998,EX
Lebronnecia kokioides,Malvaceae Lebronnecia kokioides Fosberg & Sachet,MALVACEAE,Lebronnecia,Fosb &amp; Sachet.,1998,EN
Dorstenia gigas,Moraceae Dorstenia gigas Schweinf. ex Balf.f.,MORACEAE,Dorstenia,Schweinf. ex Balf.f.,2004,NT
Jubaeopsis caffra,Arecaceae Jubaeopsis caffra Becc.,ARECACEAE,Jubaeopsis,Becc.,1998,VU
Medemia argun,Arecaceae Medemia argun Wuert. ex H.Wendl.,ARECACEAE,Medemia,(Martius) Wurtt. ex H.A. Wendl.,1998,CR
Livistona carinensis,Arecaceae Livistona carinensis (Chiov.) J.Dransf. & N.W.Uhl,ARECACEAE,Livistona,(Chiov.) Dransf. &amp; Uhl,1998,VU
Pittosporum dallii,Pittosporum dallii,PITTOSPORACEAE,Pittosporum,Cheeseman,1998,VU
Punica protopunica,Lythraceae Punica protopunica Balf.f.,LYTHRACEAE,Punica,Balf. f.,2004,VU
Vepris glandulosa,Rutaceae Vepris glandulosa (Hoyle & Leakey) Kokwaro,RUTACEAE,Vepris,(Hoyle &amp; Leakey) Kokwaro,1998,EN
Santalum fernandezianum,Santalaceae Santalum fernandezianum Phil.,SANTALACEAE,Santalum,F. Philippi,1998,EX
Camellia crapnelliana,Theaceae Camellia crapnelliana Tutch.,THEACEAE,Camellia,Tutcher,1998,VU
Franklinia alatamaha,Theaceae Franklinia alatamaha Marshall,THEACEAE,Franklinia,Marshall,2015,EW
Freziera forerorum,Theaceae Freziera forerorum A.H.Gentry,PENTAPHYLACACEAE,Freziera,A. Gentry,1998,CR
Ulmus wallichiana,Ulmus wallichiana,ULMACEAE,Ulmus,Planchon,1998,VU
Lannea transulta,Anacardiaceae Lannea transulta (Balf.f.) Radcl.-Sm.,ANACARDIACEAE,Lannea,(Balf. f.) A.R. Smith,2004,NT
Rhus thyrsiflora,Anacardiaceae Rhus thyrsiflora Balf.f.,ANACARDIACEAE,Rhus,Balf. f.,2004,LC
Cordia obovata,Cordia obovata,BORAGINACEAE,Cordia,Balf. f.,1998,LR/nt
Boswellia ameero,Burseraceae Boswellia ameero Balf.f.,BURSERACEAE,Boswellia,Balf. f.,2004,VU
Boswellia elongata,Burseraceae Boswellia elongata Balf.f.,BURSERACEAE,Boswellia,Balf. f.,2004,VU
Boswellia socotrana,Burseraceae Boswellia socotrana Balf.f.,BURSERACEAE,Boswellia,Balf. f.,2004,VU
Commiphora planifrons,Burseraceae Commiphora planifrons Engl.,BURSERACEAE,Commiphora,(Balf. f.) Engl.,2004,NT
Commiphora socotrana,Burseraceae Commiphora socotrana Engl.,BURSERACEAE,Commiphora,(Balf. f.) Engl.,2004,NT
Euclea balfourii,Ebenaceae Euclea balfourii Hiern ex Balf.f.,EBENACEAE,Euclea,Hiern ex Balf.f.,1998,VU
Euclea laurina,Ebenaceae Euclea laurina Hiern ex Balf.f.,EBENACEAE,Euclea,Hiern ex Balf.f.,1998,VU
Croton socotranus,Euphorbiaceae Croton socotranus Balf.f.,EUPHORBIACEAE,Croton,Balf. f.,2004,LC
